us_state,date,Count,MedianPrice,DesignerCount
Arizona,2014-07,1,26.01,1.0
Arizona,2014-10,1,7.0,0.0
Arizona,2014-11,5,5.0,0.0
Arizona,2014-12,2,30.885,0.0
Arizona,2015-02,1,5.0,0.0
Arizona,2015-03,9,5.0,0.0
Arizona,2015-04,5,5.0,0.0
Arizona,2015-05,6,5.0,0.0
Arizona,2015-06,6,5.0,0.0
Arizona,2015-07,2,5.0,0.0
Arizona,2015-08,10,5.0,0.0
Arizona,2015-09,2,5.5,0.0
Arizona,2015-10,2,10.5,0.0
Arizona,2015-11,12,5.0,0.0
Arizona,2015-12,27,5.0,0.0
Arizona,2016-01,30,5.0,1.0
Arizona,2016-02,4,11.0,0.0
Arizona,2016-03,40,6.99,0.0
Arizona,2016-04,39,5.99,0.0
Arizona,2016-05,7,5.99,0.0
Arizona,2016-06,14,5.99,0.0
Arizona,2016-07,4,5.99,0.0
Arizona,2016-08,14,6.99,0.0
Arizona,2016-09,45,6.99,0.0
Arizona,2016-10,24,6.99,0.0
Arizona,2016-11,17,6.99,0.0
Arizona,2016-12,14,6.99,0.0
Arizona,2017-01,8,6.99,0.0
Arizona,2017-02,5,6.99,0.0
Arizona,2017-03,2,18.549999999999997,0.0
Arizona,2017-04,1,6.99,0.0
Arizona,2017-05,1,6.99,0.0
Arizona,2017-07,1,6.99,0.0
Arizona,2017-08,2,6.99,0.0
Arizona,2017-09,3,6.99,0.0
Arizona,2017-10,3,6.99,0.0
Arizona,2017-11,11,6.99,0.0
Arizona,2017-12,1,12.0,0.0
Arizona,2018-03,4,6.99,0.0
Arizona,2018-04,1,7.99,0.0
Arizona,2018-05,1,8.99,0.0
Arizona,2018-06,9,6.99,0.0
Arizona,2018-07,21,6.99,0.0
Arizona,2018-08,5,6.99,0.0
Arizona,2018-09,4,8.99,0.0
Arizona,2018-10,19,6.99,0.0
Arizona,2018-11,16,6.99,0.0
Arizona,2018-12,4,6.99,0.0
Arizona,2019-01,4,6.99,0.0
Arizona,2019-02,3,13.99,0.0
Arizona,2019-06,3,12.99,0.0
Arizona,2019-07,6,12.99,1.0
Arizona,2019-08,7,7.99,0.0
Arizona,2019-09,2,9.99,0.0
California,2014-07,331,9.99,7.0
California,2014-08,284,9.99,5.0
California,2014-09,213,9.99,3.0
California,2014-10,214,9.99,3.0
California,2014-11,224,9.99,3.0
California,2014-12,236,9.99,0.0
California,2015-01,281,9.99,7.0
California,2015-02,210,9.99,2.0
California,2015-03,271,9.99,12.0
California,2015-04,252,9.99,9.0
California,2015-05,422,8.99,8.0
California,2015-06,422,9.95,6.0
California,2015-07,502,8.99,7.0
California,2015-08,610,8.99,3.0
California,2015-09,560,8.99,5.0
California,2015-10,578,8.99,9.0
California,2015-11,488,8.99,1.0
California,2015-12,500,8.99,9.0
California,2016-01,749,9.95,6.0
California,2016-02,548,9.95,11.0
California,2016-03,494,9.99,10.0
California,2016-04,870,9.99,8.0
California,2016-05,658,9.95,1.0
California,2016-06,747,9.0,0.0
California,2016-07,731,9.99,5.0
California,2016-08,667,9.99,4.0
California,2016-09,457,9.95,5.0
California,2016-10,426,9.99,4.0
California,2016-11,375,9.99,1.0
California,2016-12,256,9.99,2.0
California,2017-01,269,9.99,3.0
California,2017-02,230,9.99,3.0
California,2017-03,205,9.99,2.0
California,2017-04,346,9.99,2.0
California,2017-05,460,9.95,1.0
California,2017-06,214,9.99,0.0
California,2017-07,311,9.95,1.0
California,2017-08,675,5.99,2.0
California,2017-09,534,5.99,0.0
California,2017-10,526,4.99,2.0
California,2017-11,409,1.0,2.0
California,2017-12,447,9.99,2.0
California,2018-01,348,8.99,1.0
California,2018-02,219,8.99,1.0
California,2018-03,359,8.99,2.0
California,2018-04,317,8.99,2.0
California,2018-05,301,7.99,7.0
California,2018-06,456,7.99,4.0
California,2018-07,444,7.99,5.0
California,2018-08,640,7.99,5.0
California,2018-09,426,7.99,3.0
California,2018-10,547,7.99,3.0
California,2018-11,445,7.99,3.0
California,2018-12,680,7.99,6.0
California,2019-01,1044,7.99,4.0
California,2019-02,1182,7.99,7.0
California,2019-03,1511,7.99,8.0
California,2019-04,1133,7.99,8.0
California,2019-05,805,7.99,12.0
California,2019-06,711,7.99,8.0
California,2019-07,678,9.99,1.0
California,2019-08,1359,9.99,1.0
California,2019-09,117,7.99,0.0
Carolina,2014-07,65,7.0,0.0
Carolina,2014-08,81,7.0,0.0
Carolina,2014-09,44,7.0,0.0
Carolina,2014-10,81,7.0,0.0
Carolina,2014-11,64,7.0,0.0
Carolina,2014-12,91,7.0,0.0
Carolina,2015-01,59,7.0,0.0
Carolina,2015-02,56,7.0,0.0
Carolina,2015-03,80,7.0,0.0
Carolina,2015-04,102,7.0,0.0
Carolina,2015-05,113,7.0,0.0
Carolina,2015-06,134,7.0,0.0
Carolina,2015-07,211,5.0,1.0
Carolina,2015-08,158,6.99,0.0
Carolina,2015-09,140,6.99,0.0
Carolina,2015-10,111,6.99,0.0
Carolina,2015-11,146,6.99,0.0
Carolina,2015-12,156,6.99,0.0
Carolina,2016-01,215,6.99,0.0
Carolina,2016-02,155,6.99,0.0
Carolina,2016-03,186,6.99,0.0
Carolina,2016-04,266,6.99,0.0
Carolina,2016-05,170,6.99,0.0
Carolina,2016-06,206,6.99,0.0
Carolina,2016-07,170,6.99,0.0
Carolina,2016-08,104,6.99,0.0
Carolina,2016-09,124,6.99,0.0
Carolina,2016-10,116,6.99,0.0
Carolina,2016-11,126,7.99,0.0
Carolina,2016-12,191,7.99,0.0
Carolina,2017-01,165,7.99,0.0
Carolina,2017-02,344,7.99,0.0
Carolina,2017-03,183,7.99,0.0
Carolina,2017-04,195,7.99,0.0
Carolina,2017-05,90,7.99,0.0
Carolina,2017-06,95,7.99,0.0
Carolina,2017-07,142,7.99,0.0
Carolina,2017-08,185,7.99,0.0
Carolina,2017-09,217,7.99,0.0
Carolina,2017-10,178,7.99,0.0
Carolina,2017-11,233,7.99,0.0
Carolina,2017-12,539,7.99,0.0
Carolina,2018-01,342,7.99,0.0
Carolina,2018-02,620,4.99,0.0
Carolina,2018-03,619,4.99,0.0
Carolina,2018-04,407,4.99,0.0
Carolina,2018-05,326,7.99,0.0
Carolina,2018-06,420,7.99,0.0
Carolina,2018-07,171,7.99,0.0
Carolina,2018-08,340,7.99,0.0
Carolina,2018-09,191,7.99,0.0
Carolina,2018-10,365,7.99,0.0
Carolina,2018-11,344,7.99,0.0
Carolina,2018-12,377,7.99,0.0
Carolina,2019-01,407,7.99,0.0
Carolina,2019-02,264,7.99,0.0
Carolina,2019-03,594,7.99,0.0
Carolina,2019-04,918,4.99,0.0
Carolina,2019-05,853,4.99,1.0
Carolina,2019-06,1337,4.99,0.0
Carolina,2019-07,938,4.99,0.0
Carolina,2019-08,917,4.99,0.0
Carolina,2019-09,311,7.99,0.0
Colorado,2014-07,7,9.99,0.0
Colorado,2014-08,3,11.99,0.0
Colorado,2014-09,5,9.99,0.0
Colorado,2014-10,12,9.99,0.0
Colorado,2014-11,3,9.99,0.0
Colorado,2014-12,2,9.99,0.0
Colorado,2015-01,7,5.99,0.0
Colorado,2015-02,2,8.49,1.0
Colorado,2015-04,4,8.99,0.0
Colorado,2015-05,1,9.99,0.0
Colorado,2015-07,1,11.99,0.0
Colorado,2015-08,6,9.99,0.0
Colorado,2015-09,1,5.99,0.0
Colorado,2015-10,8,5.99,0.0
Colorado,2015-11,2,11.495000000000001,0.0
Colorado,2015-12,1,23.22,0.0
Colorado,2016-01,7,7.99,1.0
Colorado,2016-02,1,16.39,0.0
Colorado,2016-03,2,46.995,0.0
Colorado,2016-04,3,7.99,0.0
Colorado,2016-05,1,7.99,0.0
Colorado,2016-06,1,22.0,0.0
Colorado,2016-07,6,9.99,0.0
Colorado,2016-09,1,8.99,0.0
Colorado,2016-10,3,7.99,0.0
Colorado,2016-11,5,7.99,0.0
Colorado,2016-12,6,7.99,0.0
Colorado,2017-01,6,7.99,0.0
Colorado,2017-02,18,9.99,0.0
Colorado,2017-03,14,7.99,0.0
Colorado,2017-04,6,7.99,0.0
Colorado,2017-05,2,12.495000000000001,0.0
Colorado,2017-06,10,7.99,0.0
Colorado,2017-07,3,7.99,0.0
Colorado,2017-08,5,7.99,0.0
Colorado,2017-10,1,16.0,0.0
Colorado,2017-11,3,7.99,0.0
Colorado,2017-12,10,9.99,0.0
Colorado,2018-01,7,7.99,0.0
Colorado,2018-02,16,7.99,0.0
Colorado,2018-03,26,7.99,0.0
Colorado,2018-04,78,7.99,3.0
Colorado,2018-05,77,7.99,0.0
Colorado,2018-06,40,7.99,0.0
Colorado,2018-07,19,7.99,0.0
Colorado,2018-08,48,7.99,0.0
Colorado,2018-09,54,7.99,0.0
Colorado,2018-10,96,7.99,0.0
Colorado,2018-11,83,7.99,0.0
Colorado,2018-12,132,7.99,0.0
Colorado,2019-01,135,7.99,1.0
Colorado,2019-02,145,7.99,1.0
Colorado,2019-03,94,7.99,0.0
Colorado,2019-04,134,7.99,0.0
Colorado,2019-05,200,7.99,0.0
Colorado,2019-06,113,7.99,0.0
Colorado,2019-07,251,7.99,0.0
Colorado,2019-08,421,7.99,0.0
Colorado,2019-09,79,7.99,0.0
Florida,2014-07,1639,7.99,7.0
Florida,2014-08,1722,7.99,7.0
Florida,2014-09,603,7.99,2.0
Florida,2014-10,1723,7.99,4.0
Florida,2014-11,1252,7.99,3.0
Florida,2014-12,1199,7.99,6.0
Florida,2015-01,1689,6.99,2.0
Florida,2015-02,1636,7.99,5.0
Florida,2015-03,1829,7.98,0.0
Florida,2015-04,1521,6.99,3.0
Florida,2015-05,1024,6.99,1.0
Florida,2015-06,1164,6.99,1.0
Florida,2015-07,1496,4.99,1.0
Florida,2015-08,1783,6.99,5.0
Florida,2015-09,1172,4.99,2.0
Florida,2015-10,761,7.99,2.0
Florida,2015-11,679,7.99,4.0
Florida,2015-12,767,7.99,7.0
Florida,2016-01,757,7.99,5.0
Florida,2016-02,525,7.99,4.0
Florida,2016-03,589,7.99,7.0
Florida,2016-04,962,6.99,5.0
Florida,2016-05,646,7.99,8.0
Florida,2016-06,803,7.99,3.0
Florida,2016-07,929,7.99,8.0
Florida,2016-08,632,7.99,5.0
Florida,2016-09,694,7.99,2.0
Florida,2016-10,1112,6.99,4.0
Florida,2016-11,668,6.99,6.0
Florida,2016-12,692,7.99,3.0
Florida,2017-01,559,7.99,2.0
Florida,2017-02,736,7.99,7.0
Florida,2017-03,547,7.99,2.0
Florida,2017-04,654,7.99,1.0
Florida,2017-05,827,7.99,4.0
Florida,2017-06,997,7.99,23.0
Florida,2017-07,1369,7.99,5.0
Florida,2017-08,1886,7.99,5.0
Florida,2017-09,1977,3.99,7.0
Florida,2017-10,1553,7.99,8.0
Florida,2017-11,1595,6.99,10.0
Florida,2017-12,1874,6.99,9.0
Florida,2018-01,1466,6.99,8.0
Florida,2018-02,1648,6.99,9.0
Florida,2018-03,1640,5.99,7.0
Florida,2018-04,773,7.99,8.0
Florida,2018-05,1376,6.99,9.0
Florida,2018-06,1761,6.99,8.0
Florida,2018-07,1797,6.99,10.0
Florida,2018-08,2768,5.99,18.0
Florida,2018-09,1790,6.99,9.0
Florida,2018-10,2639,6.99,11.0
Florida,2018-11,2059,5.99,2.0
Florida,2018-12,1631,5.99,5.0
Florida,2019-01,2042,6.99,4.0
Florida,2019-02,1626,7.99,6.0
Florida,2019-03,1854,7.99,9.0
Florida,2019-04,1654,6.99,11.0
Florida,2019-05,1811,6.99,4.0
Florida,2019-06,2049,5.99,8.0
Florida,2019-07,2126,6.99,8.0
Florida,2019-08,2547,6.99,9.0
Florida,2019-09,269,7.99,1.0
Florida,2019-10,1,6.99,0.0
Georgia,2018-01,5,9.99,0.0
Georgia,2018-02,18,9.99,0.0
Georgia,2018-03,16,9.99,0.0
Georgia,2018-04,85,9.99,0.0
Georgia,2018-05,52,7.99,0.0
Georgia,2018-06,1,9.99,0.0
Georgia,2018-08,10,9.99,0.0
Georgia,2018-09,3,12.99,0.0
Georgia,2018-11,1,12.99,0.0
Georgia,2018-12,4,11.49,0.0
Georgia,2019-01,4,8.99,0.0
Georgia,2019-02,3,7.99,0.0
Georgia,2019-03,1,7.99,0.0
Georgia,2019-04,1,12.98,0.0
Idaho,2014-07,1,7.99,0.0
Idaho,2014-10,7,7.99,0.0
Idaho,2014-12,6,7.99,0.0
Idaho,2015-01,7,12.0,0.0
Idaho,2015-03,7,7.99,0.0
Idaho,2015-04,2,7.99,0.0
Idaho,2015-05,1,7.99,0.0
Idaho,2015-07,5,7.99,0.0
Idaho,2015-08,4,9.49,0.0
Idaho,2015-09,6,7.99,0.0
Idaho,2015-11,7,15.5,0.0
Idaho,2015-12,9,9.99,0.0
Idaho,2016-01,16,7.99,0.0
Idaho,2016-02,8,7.99,0.0
Idaho,2016-03,11,9.0,0.0
Idaho,2016-04,8,13.0,0.0
Idaho,2016-05,8,7.99,0.0
Idaho,2016-06,5,7.99,0.0
Idaho,2016-07,8,7.99,0.0
Idaho,2016-08,8,7.99,0.0
Idaho,2016-09,6,7.99,0.0
Idaho,2016-10,4,7.99,0.0
Idaho,2016-11,2,10.99,0.0
Idaho,2016-12,1,7.99,0.0
Idaho,2017-01,5,7.99,0.0
Idaho,2017-02,7,7.99,0.0
Idaho,2017-03,3,8.99,0.0
Idaho,2017-04,9,7.99,0.0
Idaho,2017-05,5,7.99,0.0
Idaho,2017-06,6,7.99,0.0
Idaho,2017-07,10,7.99,0.0
Idaho,2017-08,23,7.99,0.0
Idaho,2017-09,10,7.99,0.0
Idaho,2017-10,19,7.99,0.0
Idaho,2017-11,31,7.99,0.0
Idaho,2017-12,11,7.99,0.0
Idaho,2018-01,17,7.99,0.0
Idaho,2018-02,9,7.99,0.0
Idaho,2018-03,12,7.99,0.0
Idaho,2018-04,10,7.99,0.0
Idaho,2018-05,3,7.99,0.0
Idaho,2018-06,18,9.99,0.0
Idaho,2018-07,6,9.99,0.0
Idaho,2018-08,3,9.99,0.0
Idaho,2018-09,2,9.99,0.0
Idaho,2018-10,3,9.99,0.0
Idaho,2018-11,1,9.99,0.0
Idaho,2019-01,3,9.99,0.0
Idaho,2019-02,5,9.99,0.0
Idaho,2019-03,8,9.99,0.0
Idaho,2019-04,3,9.99,0.0
Idaho,2019-05,1,12.0,0.0
Idaho,2019-06,6,9.99,0.0
Idaho,2019-07,1,12.0,0.0
Idaho,2019-08,13,9.99,0.0
Idaho,2019-09,1,9.99,0.0
Illinois,2014-07,62,5.0,0.0
Illinois,2014-08,39,4.0,0.0
Illinois,2014-09,12,4.0,0.0
Illinois,2014-10,47,4.0,0.0
Illinois,2014-11,52,4.0,0.0
Illinois,2014-12,48,4.0,0.0
Illinois,2015-01,36,4.0,1.0
Illinois,2015-02,29,5.0,0.0
Illinois,2015-03,36,5.995,0.0
Illinois,2015-04,83,6.99,0.0
Illinois,2015-05,72,6.99,0.0
Illinois,2015-06,63,6.99,0.0
Illinois,2015-07,42,6.99,0.0
Illinois,2015-08,56,6.99,0.0
Illinois,2015-09,42,6.99,0.0
Illinois,2015-10,47,6.99,0.0
Illinois,2015-11,41,6.99,1.0
Illinois,2015-12,80,6.99,0.0
Illinois,2016-01,100,9.99,0.0
Illinois,2016-02,74,9.99,0.0
Illinois,2016-03,73,9.99,0.0
Illinois,2016-04,158,6.99,0.0
Illinois,2016-05,83,6.99,0.0
Illinois,2016-06,61,6.99,0.0
Illinois,2016-07,26,6.99,0.0
Illinois,2016-08,18,6.99,0.0
Illinois,2016-09,25,6.99,0.0
Illinois,2016-10,20,6.99,0.0
Illinois,2016-11,36,9.99,0.0
Illinois,2016-12,40,9.99,0.0
Illinois,2017-01,25,9.99,0.0
Illinois,2017-02,14,6.99,0.0
Illinois,2017-03,11,6.99,0.0
Illinois,2017-04,18,6.99,0.0
Illinois,2017-05,49,6.99,0.0
Illinois,2017-06,37,6.99,0.0
Illinois,2017-07,100,6.99,0.0
Illinois,2017-08,131,6.99,0.0
Illinois,2017-09,107,6.99,0.0
Illinois,2017-10,90,6.99,0.0
Illinois,2017-11,74,6.99,0.0
Illinois,2017-12,49,6.99,0.0
Illinois,2018-01,23,6.99,0.0
Illinois,2018-02,16,9.99,0.0
Illinois,2018-03,17,9.99,0.0
Illinois,2018-04,9,9.99,0.0
Illinois,2018-05,17,9.99,0.0
Illinois,2018-06,25,9.99,0.0
Illinois,2018-07,46,8.99,0.0
Illinois,2018-08,65,9.99,0.0
Illinois,2018-09,10,9.99,0.0
Illinois,2018-10,15,9.99,0.0
Illinois,2018-11,26,9.99,1.0
Illinois,2018-12,44,9.99,0.0
Illinois,2019-01,19,7.99,0.0
Illinois,2019-02,10,9.99,0.0
Illinois,2019-03,5,9.99,0.0
Illinois,2019-04,11,9.99,2.0
Illinois,2019-05,17,7.99,0.0
Illinois,2019-06,17,9.99,0.0
Illinois,2019-07,13,9.99,0.0
Illinois,2019-08,4,6.495,0.0
Illinois,2019-10,1,14.99,0.0
Indiana,2014-07,107,7.0,0.0
Indiana,2014-08,109,5.0,0.0
Indiana,2014-09,54,9.0,0.0
Indiana,2014-10,105,5.0,0.0
Indiana,2014-11,147,5.0,0.0
Indiana,2014-12,128,6.495,0.0
Indiana,2015-01,156,5.0,0.0
Indiana,2015-02,173,5.0,1.0
Indiana,2015-03,165,5.0,0.0
Indiana,2015-04,169,5.0,0.0
Indiana,2015-05,121,7.0,2.0
Indiana,2015-06,81,7.0,0.0
Indiana,2015-07,91,5.0,2.0
Indiana,2015-08,132,5.0,2.0
Indiana,2015-09,158,5.0,0.0
Indiana,2015-10,142,8.99,0.0
Indiana,2015-11,190,8.99,1.0
Indiana,2015-12,144,7.0,0.0
Indiana,2016-01,349,8.99,4.0
Indiana,2016-02,315,8.99,0.0
Indiana,2016-03,283,8.99,0.0
Indiana,2016-04,213,8.99,0.0
Indiana,2016-05,235,8.99,2.0
Indiana,2016-06,400,8.99,0.0
Indiana,2016-07,353,8.99,1.0
Indiana,2016-08,219,8.99,0.0
Indiana,2016-09,145,8.99,0.0
Indiana,2016-10,128,8.99,1.0
Indiana,2016-11,144,8.99,0.0
Indiana,2016-12,238,8.99,0.0
Indiana,2017-01,248,8.99,2.0
Indiana,2017-02,534,8.99,0.0
Indiana,2017-03,322,8.99,1.0
Indiana,2017-04,455,8.99,2.0
Indiana,2017-05,546,8.99,0.0
Indiana,2017-06,495,8.99,0.0
Indiana,2017-07,540,8.99,0.0
Indiana,2017-08,300,8.99,1.0
Indiana,2017-09,188,6.0,1.0
Indiana,2017-10,150,6.0,0.0
Indiana,2017-11,274,8.99,0.0
Indiana,2017-12,578,8.99,0.0
Indiana,2018-01,508,8.99,1.0
Indiana,2018-02,259,8.99,0.0
Indiana,2018-03,479,8.99,0.0
Indiana,2018-04,343,8.99,0.0
Indiana,2018-05,288,8.99,1.0
Indiana,2018-06,467,8.99,0.0
Indiana,2018-07,497,8.99,0.0
Indiana,2018-08,465,9.99,0.0
Indiana,2018-09,489,8.99,0.0
Indiana,2018-10,430,8.99,0.0
Indiana,2018-11,268,8.99,0.0
Indiana,2018-12,263,8.99,0.0
Indiana,2019-01,290,8.99,0.0
Indiana,2019-02,361,8.99,0.0
Indiana,2019-03,461,8.99,0.0
Indiana,2019-04,438,8.99,0.0
Indiana,2019-05,506,8.99,0.0
Indiana,2019-06,547,8.99,1.0
Indiana,2019-07,461,8.99,1.0
Indiana,2019-08,413,8.99,0.0
Indiana,2019-09,31,8.99,0.0
Iowa,2014-07,38,8.245000000000001,0.0
Iowa,2014-08,34,6.99,0.0
Iowa,2014-09,18,6.0,0.0
Iowa,2014-10,84,8.0,0.0
Iowa,2014-11,158,6.99,0.0
Iowa,2014-12,191,4.98,0.0
Iowa,2015-01,146,8.0,0.0
Iowa,2015-02,168,10.0,0.0
Iowa,2015-03,92,4.99,0.0
Iowa,2015-04,73,5.0,0.0
Iowa,2015-05,23,4.99,0.0
Iowa,2015-06,22,5.0,0.0
Iowa,2015-07,11,5.75,0.0
Iowa,2015-08,13,6.99,0.0
Iowa,2015-09,20,6.99,0.0
Iowa,2015-10,19,7.99,0.0
Iowa,2015-11,24,5.99,0.0
Iowa,2015-12,46,4.99,0.0
Iowa,2016-01,32,4.99,0.0
Iowa,2016-02,9,8.99,0.0
Iowa,2016-03,28,6.49,0.0
Iowa,2016-04,39,5.0,0.0
Iowa,2016-05,33,4.99,0.0
Iowa,2016-06,37,4.99,0.0
Iowa,2016-07,13,7.0,0.0
Iowa,2016-08,40,6.99,0.0
Iowa,2016-09,28,5.0,0.0
Iowa,2016-10,37,6.99,0.0
Iowa,2016-11,19,6.99,0.0
Iowa,2016-12,27,4.99,0.0
Iowa,2017-01,53,5.99,0.0
Iowa,2017-02,52,6.99,0.0
Iowa,2017-03,28,6.99,0.0
Iowa,2017-04,21,6.99,0.0
Iowa,2017-05,41,6.99,0.0
Iowa,2017-06,102,9.99,0.0
Iowa,2017-07,55,5.75,0.0
Iowa,2017-08,36,6.99,0.0
Iowa,2017-09,21,6.99,0.0
Iowa,2017-10,20,6.99,0.0
Iowa,2017-11,53,6.99,0.0
Iowa,2017-12,93,6.99,0.0
Iowa,2018-01,76,6.99,0.0
Iowa,2018-02,111,6.99,0.0
Iowa,2018-03,109,6.99,0.0
Iowa,2018-04,50,6.99,0.0
Iowa,2018-05,28,6.99,0.0
Iowa,2018-06,121,6.99,0.0
Iowa,2018-07,155,6.99,0.0
Iowa,2018-08,160,6.99,0.0
Iowa,2018-09,75,6.99,0.0
Iowa,2018-10,141,6.99,0.0
Iowa,2018-11,223,6.99,0.0
Iowa,2018-12,123,6.99,0.0
Iowa,2019-01,124,6.99,0.0
Iowa,2019-02,67,6.99,1.0
Iowa,2019-03,46,6.99,0.0
Iowa,2019-04,127,9.99,0.0
Iowa,2019-05,48,6.99,0.0
Iowa,2019-06,67,6.99,0.0
Iowa,2019-07,17,6.99,0.0
Iowa,2019-08,2,26.505000000000003,0.0
Iowa,2019-09,3,6.0,0.0
Louisiana,2016-01,10,7.99,0.0
Louisiana,2016-03,1,7.99,0.0
Louisiana,2016-04,1,7.99,0.0
Louisiana,2016-08,8,9.99,0.0
Louisiana,2016-09,10,9.99,0.0
Louisiana,2016-10,1,9.99,0.0
Louisiana,2016-11,2,7.99,0.0
Louisiana,2016-12,5,7.99,0.0
Louisiana,2017-01,9,7.99,0.0
Louisiana,2017-02,15,7.99,0.0
Louisiana,2017-03,14,7.99,0.0
Louisiana,2017-04,21,7.99,0.0
Louisiana,2017-05,18,8.469999999999999,0.0
Louisiana,2017-06,13,7.99,0.0
Louisiana,2017-07,1,8.95,0.0
Louisiana,2017-08,13,7.99,0.0
Louisiana,2017-09,27,7.99,0.0
Louisiana,2017-10,9,8.99,0.0
Louisiana,2017-11,6,8.99,0.0
Louisiana,2017-12,6,9.99,0.0
Louisiana,2018-01,16,9.99,0.0
Louisiana,2018-02,10,9.99,0.0
Louisiana,2018-03,7,8.99,0.0
Louisiana,2018-04,21,14.99,0.0
Louisiana,2018-05,5,11.0,0.0
Louisiana,2018-06,10,9.99,0.0
Louisiana,2018-07,3,9.99,0.0
Louisiana,2018-08,2,20.975,0.0
Louisiana,2018-09,4,8.99,0.0
Louisiana,2018-10,19,9.99,0.0
Louisiana,2018-11,26,7.99,0.0
Louisiana,2018-12,29,7.99,0.0
Louisiana,2019-01,35,7.99,0.0
Louisiana,2019-02,13,9.99,0.0
Louisiana,2019-03,6,9.99,0.0
Louisiana,2019-04,1,9.99,0.0
Louisiana,2019-05,11,19.99,0.0
Louisiana,2019-06,7,14.99,0.0
Louisiana,2019-07,1,9.99,0.0
Louisiana,2019-08,1,9.99,0.0
Maine,2017-11,4,10.0,0.0
Maine,2017-12,10,10.0,0.0
Maine,2018-01,9,10.0,0.0
Maine,2018-02,4,10.0,0.0
Maine,2018-03,1,10.0,0.0
Maine,2018-04,1,10.0,0.0
Maine,2018-06,4,10.0,0.0
Maine,2018-07,2,14.25,0.0
Maine,2018-08,2,10.5,0.0
Maine,2018-09,12,10.0,0.0
Maine,2018-10,23,10.0,0.0
Maine,2018-11,20,10.0,0.0
Maine,2018-12,20,8.0,0.0
Maine,2019-01,9,12.0,0.0
Maine,2019-02,5,15.0,0.0
Maine,2019-03,58,10.0,0.0
Maine,2019-04,13,15.0,0.0
Maine,2019-05,25,15.0,0.0
Maine,2019-06,18,12.5,0.0
Maine,2019-07,8,15.0,0.0
Maine,2019-08,9,15.0,0.0
Maine,2019-09,4,13.0,0.0
Maryland,2016-04,14,6.495,0.0
Maryland,2016-05,23,6.0,0.0
Maryland,2016-06,92,5.0,0.0
Maryland,2016-07,116,5.0,0.0
Maryland,2016-08,63,2.5,0.0
Maryland,2016-09,34,2.5,0.0
Maryland,2016-10,25,5.0,0.0
Maryland,2016-11,46,8.0,0.0
Maryland,2016-12,67,5.0,0.0
Maryland,2017-01,77,5.0,0.0
Maryland,2017-02,119,7.5,0.0
Maryland,2017-03,38,5.0,0.0
Maryland,2017-04,40,5.0,0.0
Maryland,2017-05,73,8.0,0.0
Maryland,2017-06,172,7.5,0.0
Maryland,2017-07,455,5.0,0.0
Maryland,2017-08,257,3.0,0.0
Maryland,2017-09,209,10.0,0.0
Maryland,2017-10,312,5.0,0.0
Maryland,2017-11,375,8.0,0.0
Maryland,2017-12,352,7.5,0.0
Maryland,2018-01,298,5.0,0.0
Maryland,2018-02,236,10.0,1.0
Maryland,2018-03,289,7.99,0.0
Maryland,2018-04,634,4.99,1.0
Maryland,2018-05,3077,4.99,0.0
Maryland,2018-06,6414,4.99,0.0
Maryland,2018-07,6532,4.99,0.0
Maryland,2018-08,6834,4.99,1.0
Maryland,2018-09,5834,9.99,0.0
Maryland,2018-10,7082,9.99,0.0
Maryland,2018-11,10089,9.99,0.0
Maryland,2018-12,7600,9.99,0.0
Maryland,2019-01,1506,9.99,0.0
Maryland,2019-02,1131,9.99,1.0
Maryland,2019-03,1770,9.99,1.0
Maryland,2019-04,4825,9.99,0.0
Maryland,2019-05,9298,11.99,2.0
Maryland,2019-06,7149,11.99,1.0
Maryland,2019-07,3652,11.99,0.0
Maryland,2019-08,3066,11.99,0.0
Maryland,2019-09,2719,11.99,0.0
Maryland,2019-10,5448,11.99,0.0
Maryland,2019-11,860,11.99,0.0
Maryland,2019-12,2061,11.99,0.0
Michegan,2017-04,8,7.99,0.0
Michegan,2017-05,3,7.99,0.0
Michegan,2017-06,4,6.99,0.0
Michegan,2017-07,5,7.99,0.0
Michegan,2017-08,5,6.99,0.0
Michegan,2017-09,12,5.99,0.0
Michegan,2017-10,7,5.99,0.0
Michegan,2017-11,20,7.99,0.0
Michegan,2017-12,24,9.99,0.0
Michegan,2018-01,26,9.99,0.0
Michegan,2018-02,9,9.99,0.0
Michegan,2018-03,14,9.99,0.0
Michegan,2018-04,7,7.99,0.0
Michegan,2018-05,18,7.99,0.0
Michegan,2018-06,39,7.99,0.0
Michegan,2018-07,6,7.99,0.0
Michegan,2018-08,3,12.99,0.0
Michegan,2018-10,4,8.39,0.0
Michegan,2018-11,6,7.99,0.0
Michegan,2018-12,11,7.99,0.0
Michegan,2019-01,15,7.99,0.0
Michegan,2019-02,9,7.99,0.0
Michegan,2019-03,15,5.99,0.0
Michegan,2019-04,2,5.99,0.0
Michegan,2019-05,2,9.99,0.0
Michegan,2019-07,1,9.99,0.0
Michigan,2014-07,165,9.95,0.0
Michigan,2014-08,168,11.95,0.0
Michigan,2014-09,94,9.95,0.0
Michigan,2014-10,138,10.95,0.0
Michigan,2014-11,97,11.95,0.0
Michigan,2014-12,81,11.95,1.0
Michigan,2015-01,99,11.95,0.0
Michigan,2015-02,116,11.95,2.0
Michigan,2015-03,153,9.95,0.0
Michigan,2015-04,158,9.95,0.0
Michigan,2015-05,130,9.95,0.0
Michigan,2015-06,170,11.95,0.0
Michigan,2015-07,174,11.95,0.0
Michigan,2015-08,157,11.95,0.0
Michigan,2015-09,132,9.975,0.0
Michigan,2015-10,84,9.95,0.0
Michigan,2015-11,58,11.95,2.0
Michigan,2015-12,44,12.95,0.0
Michigan,2016-01,82,8.95,0.0
Michigan,2016-02,60,8.0,0.0
Michigan,2016-03,76,9.45,0.0
Michigan,2016-04,101,9.02,0.0
Michigan,2016-05,74,9.95,1.0
Michigan,2016-06,98,9.0,0.0
Michigan,2016-07,156,9.95,0.0
Michigan,2016-08,97,9.95,0.0
Michigan,2016-09,119,9.99,0.0
Michigan,2016-10,76,9.99,0.0
Michigan,2016-11,64,9.99,0.0
Michigan,2016-12,51,6.0,0.0
Michigan,2017-01,49,6.0,0.0
Michigan,2017-02,77,7.0,0.0
Michigan,2017-03,64,7.995,0.0
Michigan,2017-04,87,7.99,0.0
Michigan,2017-05,76,7.99,0.0
Michigan,2017-06,69,7.99,2.0
Michigan,2017-07,55,7.99,1.0
Michigan,2017-08,79,7.99,0.0
Michigan,2017-09,67,7.99,0.0
Michigan,2017-10,94,7.99,0.0
Michigan,2017-11,79,7.99,0.0
Michigan,2017-12,147,7.99,1.0
Michigan,2018-01,92,7.99,0.0
Michigan,2018-02,92,7.99,0.0
Michigan,2018-03,136,9.99,0.0
Michigan,2018-04,174,10.0,0.0
Michigan,2018-05,107,7.99,1.0
Michigan,2018-06,65,7.99,0.0
Michigan,2018-07,34,9.99,0.0
Michigan,2018-08,64,9.99,1.0
Michigan,2018-09,47,9.99,1.0
Michigan,2018-10,68,9.99,1.0
Michigan,2018-11,52,9.99,0.0
Michigan,2018-12,40,9.99,0.0
Michigan,2019-01,44,9.99,0.0
Michigan,2019-02,32,9.99,0.0
Michigan,2019-03,45,9.99,0.0
Michigan,2019-04,63,9.99,0.0
Michigan,2019-05,73,9.99,0.0
Michigan,2019-06,46,9.99,0.0
Michigan,2019-07,58,9.99,0.0
Michigan,2019-08,66,9.99,0.0
Michigan,2019-09,7,9.99,0.0
Minnesota,2014-07,13,6.99,0.0
Minnesota,2014-08,24,9.99,0.0
Minnesota,2014-09,14,6.99,0.0
Minnesota,2014-10,22,6.99,0.0
Minnesota,2014-11,18,6.99,0.0
Minnesota,2014-12,22,6.99,0.0
Minnesota,2015-01,54,6.99,0.0
Minnesota,2015-02,96,6.99,0.0
Minnesota,2015-03,167,6.99,0.0
Minnesota,2015-04,178,6.99,0.0
Minnesota,2015-05,188,6.99,0.0
Minnesota,2015-06,228,6.99,0.0
Minnesota,2015-07,271,6.99,0.0
Minnesota,2015-08,304,6.99,0.0
Minnesota,2015-09,224,5.99,0.0
Minnesota,2015-10,240,6.99,0.0
Minnesota,2015-11,174,6.99,0.0
Minnesota,2015-12,227,6.99,0.0
Minnesota,2016-01,248,6.99,0.0
Minnesota,2016-02,151,6.99,0.0
Minnesota,2016-03,214,6.99,0.0
Minnesota,2016-04,343,6.99,0.0
Minnesota,2016-05,100,6.99,0.0
Minnesota,2016-06,77,6.99,0.0
Minnesota,2016-07,102,6.99,0.0
Minnesota,2016-08,71,6.99,0.0
Minnesota,2016-09,65,6.99,0.0
Minnesota,2016-10,106,6.99,1.0
Minnesota,2016-11,98,6.99,0.0
Minnesota,2016-12,153,6.99,0.0
Minnesota,2017-01,137,6.99,0.0
Minnesota,2017-02,172,6.99,0.0
Minnesota,2017-03,116,6.99,0.0
Minnesota,2017-04,105,6.99,1.0
Minnesota,2017-05,78,6.99,0.0
Minnesota,2017-06,40,6.99,0.0
Minnesota,2017-07,67,6.99,0.0
Minnesota,2017-08,93,6.99,0.0
Minnesota,2017-09,102,6.99,2.0
Minnesota,2017-10,133,6.99,0.0
Minnesota,2017-11,135,6.99,0.0
Minnesota,2017-12,212,4.99,0.0
Minnesota,2018-01,203,4.99,0.0
Minnesota,2018-02,289,4.99,0.0
Minnesota,2018-03,349,4.99,0.0
Minnesota,2018-04,224,4.99,0.0
Minnesota,2018-05,176,4.99,0.0
Minnesota,2018-06,201,4.99,0.0
Minnesota,2018-07,186,6.99,1.0
Minnesota,2018-08,149,5.99,0.0
Minnesota,2018-09,111,6.99,0.0
Minnesota,2018-10,176,5.99,0.0
Minnesota,2018-11,139,6.99,0.0
Minnesota,2018-12,122,6.99,0.0
Minnesota,2019-01,351,6.99,0.0
Minnesota,2019-02,263,6.99,0.0
Minnesota,2019-03,254,6.74,0.0
Minnesota,2019-04,190,5.99,0.0
Minnesota,2019-05,74,4.99,0.0
Minnesota,2019-06,83,4.99,0.0
Minnesota,2019-07,71,4.99,0.0
Minnesota,2019-08,54,4.99,0.0
Minnesota,2019-09,23,4.99,0.0
Mississippi,2014-09,1,11.0,0.0
Mississippi,2014-11,3,7.99,0.0
Mississippi,2014-12,3,7.99,0.0
Mississippi,2015-01,11,7.99,0.0
Mississippi,2015-02,17,7.99,0.0
Mississippi,2015-03,76,7.99,0.0
Mississippi,2015-04,59,7.99,0.0
Mississippi,2015-05,53,7.99,0.0
Mississippi,2015-06,39,6.95,0.0
Mississippi,2015-07,26,6.99,0.0
Mississippi,2015-08,55,6.95,0.0
Mississippi,2015-09,58,6.95,0.0
Mississippi,2015-10,34,6.95,0.0
Mississippi,2015-11,59,6.95,0.0
Mississippi,2015-12,36,6.99,0.0
Mississippi,2016-01,34,6.95,0.0
Mississippi,2016-02,100,6.95,0.0
Mississippi,2016-03,106,6.95,0.0
Mississippi,2016-04,67,6.95,0.0
Mississippi,2016-05,53,6.99,0.0
Mississippi,2016-06,39,6.95,0.0
Mississippi,2016-07,47,6.95,0.0
Mississippi,2016-08,38,6.95,0.0
Mississippi,2016-09,90,6.95,0.0
Mississippi,2016-10,34,6.95,0.0
Mississippi,2016-11,29,6.95,0.0
Mississippi,2016-12,22,6.99,0.0
Mississippi,2017-01,29,6.95,0.0
Mississippi,2017-02,107,6.95,0.0
Mississippi,2017-03,74,6.95,0.0
Mississippi,2017-04,78,6.95,0.0
Mississippi,2017-05,74,6.95,0.0
Mississippi,2017-06,43,6.95,0.0
Mississippi,2017-07,36,6.95,0.0
Mississippi,2017-08,50,6.95,0.0
Mississippi,2017-09,35,6.95,0.0
Mississippi,2017-10,37,6.95,0.0
Mississippi,2017-11,33,6.95,0.0
Mississippi,2017-12,44,6.95,0.0
Mississippi,2018-01,17,6.95,0.0
Mississippi,2018-02,38,6.95,0.0
Mississippi,2018-03,14,6.95,0.0
Mississippi,2018-04,29,6.95,0.0
Mississippi,2018-05,15,6.95,0.0
Mississippi,2018-06,19,6.95,0.0
Mississippi,2018-07,5,6.95,0.0
Mississippi,2018-08,14,7.45,3.0
Mississippi,2018-09,7,8.0,0.0
Mississippi,2018-10,1,7.99,0.0
Mississippi,2018-11,1,9.99,0.0
Mississippi,2018-12,2,7.970000000000001,0.0
Mississippi,2019-02,3,9.99,0.0
Mississippi,2019-03,5,9.99,0.0
Mississippi,2019-06,2,10.99,0.0
Missouri,2014-07,3,7.0,0.0
Missouri,2014-08,7,9.0,0.0
Missouri,2014-09,2,9.0,0.0
Missouri,2014-10,1,15.0,0.0
Missouri,2014-11,10,13.46,0.0
Missouri,2015-01,1,13.75,0.0
Missouri,2015-02,2,8.75,0.0
Missouri,2015-03,2,11.0,0.0
Missouri,2015-04,3,20.99,0.0
Missouri,2015-06,2,7.0,0.0
Missouri,2015-07,1,16.0,0.0
Missouri,2015-09,2,22.5,0.0
Missouri,2015-12,2,24.0,0.0
Missouri,2016-01,3,10.0,0.0
Missouri,2016-03,2,6.0,0.0
Missouri,2016-05,2,4.0,0.0
Missouri,2016-06,2,3.0,0.0
Missouri,2016-07,4,4.0,0.0
Missouri,2016-08,2,5.0,0.0
Missouri,2016-09,1,24.0,0.0
Missouri,2016-10,1,10.77,0.0
Missouri,2016-11,4,7.5,0.0
Missouri,2016-12,2,15.5,0.0
Missouri,2017-01,11,11.0,0.0
Missouri,2017-02,22,5.0,0.0
Missouri,2017-03,9,10.0,0.0
Missouri,2017-04,6,5.0,0.0
Missouri,2017-05,42,5.0,0.0
Missouri,2017-06,5,7.0,0.0
Missouri,2017-07,15,5.0,0.0
Missouri,2017-08,8,6.0,0.0
Missouri,2017-09,9,5.0,0.0
Missouri,2017-10,5,5.0,0.0
Missouri,2017-11,4,5.0,0.0
Missouri,2017-12,4,5.0,0.0
Missouri,2018-01,4,10.5,0.0
Missouri,2018-02,12,10.0,0.0
Missouri,2018-03,2,6.5,0.0
Missouri,2018-04,2,36.0,0.0
Missouri,2018-05,2,13.0,0.0
Missouri,2018-06,4,14.495,0.0
Missouri,2018-07,1,19.0,0.0
Missouri,2018-08,7,9.99,0.0
Missouri,2018-09,21,14.99,0.0
Missouri,2018-10,2,7.995,0.0
Missouri,2018-12,7,60.0,0.0
Missouri,2019-03,7,15.99,1.0
Missouri,2019-04,1,14.99,0.0
Missouri,2019-05,3,14.99,0.0
Missouri,2019-06,1,245.0,1.0
Missouri,2019-07,3,5.0,0.0
Missouri,2019-08,3,19.99,1.0
Montana,2014-07,1,15.0,0.0
Montana,2014-09,2,6.49,0.0
Montana,2014-10,2,6.99,0.0
Montana,2014-11,3,9.99,0.0
Montana,2014-12,4,5.99,0.0
Montana,2015-01,6,7.495,0.0
Montana,2015-02,7,5.99,0.0
Montana,2015-03,7,7.99,0.0
Montana,2015-04,10,7.99,0.0
Montana,2015-05,19,7.99,0.0
Montana,2015-06,11,7.99,0.0
Montana,2015-07,11,7.99,0.0
Montana,2015-08,2,9.0,0.0
Montana,2015-09,14,7.99,0.0
Montana,2015-10,16,7.99,0.0
Montana,2015-11,8,7.99,0.0
Montana,2015-12,10,12.105,0.0
Montana,2016-01,16,7.99,0.0
Montana,2016-02,4,7.99,0.0
Montana,2016-03,11,7.99,0.0
Montana,2016-04,10,10.435,0.0
Montana,2016-05,12,8.49,0.0
Montana,2016-06,15,7.99,0.0
Montana,2016-07,33,7.99,0.0
Montana,2016-08,26,7.99,0.0
Montana,2016-09,24,7.99,0.0
Montana,2016-10,15,7.99,0.0
Montana,2016-11,10,7.99,0.0
Montana,2016-12,15,7.99,0.0
Montana,2017-01,27,7.99,0.0
Montana,2017-02,29,7.99,0.0
Montana,2017-03,39,7.99,0.0
Montana,2017-04,37,7.99,0.0
Montana,2017-05,49,7.99,0.0
Montana,2017-06,28,7.99,0.0
Montana,2017-07,26,7.99,0.0
Montana,2017-08,32,7.99,0.0
Montana,2017-09,21,7.99,0.0
Montana,2017-10,43,7.99,0.0
Montana,2017-11,39,7.99,0.0
Montana,2017-12,41,7.99,0.0
Montana,2018-01,49,7.99,0.0
Montana,2018-02,24,7.99,0.0
Montana,2018-03,41,7.99,0.0
Montana,2018-04,25,7.99,0.0
Montana,2018-05,12,7.99,0.0
Montana,2018-06,15,9.99,0.0
Montana,2018-07,26,9.99,0.0
Montana,2018-08,20,9.99,0.0
Montana,2018-09,13,9.99,0.0
Montana,2018-10,50,9.99,1.0
Montana,2018-11,8,9.99,0.0
Montana,2018-12,22,9.99,0.0
Montana,2019-01,32,5.99,0.0
Montana,2019-02,12,9.99,1.0
Montana,2019-03,7,9.99,0.0
Montana,2019-04,17,9.99,0.0
Montana,2019-05,5,9.99,0.0
Montana,2019-06,3,9.99,0.0
Montana,2019-07,19,9.99,0.0
Montana,2019-08,11,5.99,0.0
Montana,2019-09,1,9.99,0.0
Nevada,2014-07,25,14.0,4.0
Nevada,2014-08,26,9.5,4.0
Nevada,2014-09,24,12.0,0.0
Nevada,2014-10,85,7.95,8.0
Nevada,2014-11,80,6.95,4.0
Nevada,2014-12,135,6.95,8.0
Nevada,2015-01,97,6.95,1.0
Nevada,2015-02,82,9.95,4.0
Nevada,2015-03,113,9.95,3.0
Nevada,2015-04,100,9.95,6.0
Nevada,2015-05,101,9.95,6.0
Nevada,2015-06,90,9.95,6.0
Nevada,2015-07,99,9.95,5.0
Nevada,2015-08,138,9.95,3.0
Nevada,2015-09,121,9.95,7.0
Nevada,2015-10,82,10.975,3.0
Nevada,2015-11,100,10.95,2.0
Nevada,2015-12,92,9.95,9.0
Nevada,2016-01,221,9.95,2.0
Nevada,2016-02,176,9.95,5.0
Nevada,2016-03,217,9.95,0.0
Nevada,2016-04,476,9.95,3.0
Nevada,2016-05,344,9.95,2.0
Nevada,2016-06,269,9.95,0.0
Nevada,2016-07,499,9.95,9.0
Nevada,2016-08,359,9.95,4.0
Nevada,2016-09,263,9.95,5.0
Nevada,2016-10,399,9.95,2.0
Nevada,2016-11,462,9.95,3.0
Nevada,2016-12,367,9.95,3.0
Nevada,2017-01,565,9.95,7.0
Nevada,2017-02,698,9.95,2.0
Nevada,2017-03,554,9.95,8.0
Nevada,2017-04,543,9.95,9.0
Nevada,2017-05,703,8.95,5.0
Nevada,2017-06,449,8.95,16.0
Nevada,2017-07,704,11.0,5.0
Nevada,2017-08,281,8.95,1.0
Nevada,2017-12,2,12.475,0.0
Nevada,2018-01,16,9.95,0.0
Nevada,2018-02,9,13.01,1.0
Nevada,2018-03,19,9.95,1.0
Nevada,2018-04,20,9.45,0.0
Nevada,2018-05,32,9.95,9.0
Nevada,2018-06,26,9.95,6.0
Nevada,2018-07,19,15.11,7.0
Nevada,2018-08,22,12.575,3.0
Nevada,2018-09,7,16.0,2.0
Nevada,2018-10,10,28.990000000000002,0.0
Nevada,2018-11,9,17.98,2.0
Nevada,2018-12,30,9.95,3.0
Nevada,2019-01,117,9.95,8.0
Nevada,2019-02,91,9.95,4.0
Nevada,2019-03,82,9.95,1.0
Nevada,2019-04,46,9.95,2.0
Nevada,2019-05,83,9.95,1.0
Nevada,2019-06,124,9.95,1.0
Nevada,2019-07,138,7.95,0.0
Nevada,2019-08,197,9.95,3.0
Nevada,2019-09,47,9.95,3.0
New Jersey,2014-07,18,5.99,0.0
New Jersey,2014-08,16,6.49,0.0
New Jersey,2014-09,5,5.99,1.0
New Jersey,2014-10,11,5.99,0.0
New Jersey,2014-11,6,5.99,0.0
New Jersey,2015-01,2,9.99,0.0
New Jersey,2015-02,1,14.64,0.0
New Jersey,2015-05,9,9.99,0.0
New Jersey,2015-06,11,9.99,0.0
New Jersey,2015-07,10,7.99,0.0
New Jersey,2015-08,8,7.49,0.0
New Jersey,2015-09,8,7.49,0.0
New Jersey,2015-10,8,8.49,0.0
New Jersey,2015-11,13,6.99,0.0
New Jersey,2015-12,23,6.99,1.0
New Jersey,2016-01,22,6.99,0.0
New Jersey,2016-02,18,6.99,0.0
New Jersey,2016-03,8,6.49,0.0
New Jersey,2016-04,16,6.99,0.0
New Jersey,2016-05,10,10.49,0.0
New Jersey,2016-06,10,4.99,0.0
New Jersey,2016-07,6,4.99,0.0
New Jersey,2016-09,2,10.495000000000001,0.0
New Jersey,2016-10,12,5.99,1.0
New Jersey,2016-11,13,4.99,0.0
New Jersey,2016-12,26,5.99,0.0
New Jersey,2017-01,30,5.99,0.0
New Jersey,2017-02,34,5.99,0.0
New Jersey,2017-03,23,5.99,0.0
New Jersey,2017-04,20,5.99,0.0
New Jersey,2017-05,12,7.49,0.0
New Jersey,2017-06,25,4.99,0.0
New Jersey,2017-07,27,4.99,0.0
New Jersey,2017-08,26,4.99,0.0
New Jersey,2017-09,16,4.99,0.0
New Jersey,2017-10,10,9.99,0.0
New Jersey,2017-11,7,9.99,0.0
New Jersey,2017-12,8,9.99,0.0
New Jersey,2018-01,3,9.99,0.0
New Jersey,2018-02,1,14.99,0.0
New Jersey,2018-04,2,46.5,0.0
New Jersey,2018-06,5,11.99,0.0
New Jersey,2018-07,14,9.99,0.0
New Jersey,2018-08,22,9.99,0.0
New Jersey,2018-09,13,9.99,2.0
New Jersey,2018-10,6,15.989999999999998,1.0
New Jersey,2019-01,8,12.49,1.0
New Jersey,2019-02,5,9.99,0.0
New Jersey,2019-03,7,9.99,2.0
New Jersey,2019-04,20,11.01,1.0
New Jersey,2019-05,22,9.99,0.0
New Jersey,2019-06,51,9.99,5.0
New Jersey,2019-07,101,9.99,2.0
New Jersey,2019-08,111,9.99,1.0
New Jersey,2019-09,30,9.99,1.0
New York,2014-07,14,6.0,0.0
New York,2014-08,2,5.0,0.0
New York,2014-09,7,6.0,0.0
New York,2014-10,4,6.0,0.0
New York,2014-11,18,7.0,0.0
New York,2014-12,18,7.995,0.0
New York,2015-01,11,7.99,0.0
New York,2015-02,22,7.99,0.0
New York,2015-03,29,7.99,0.0
New York,2015-04,21,9.99,0.0
New York,2015-05,6,7.99,0.0
New York,2015-06,2,6.99,0.0
New York,2015-07,6,8.99,0.0
New York,2015-08,2,7.99,0.0
New York,2015-09,5,7.99,0.0
New York,2015-10,1,6.99,0.0
New York,2015-12,11,7.99,0.0
New York,2016-01,24,7.99,0.0
New York,2016-02,7,7.99,0.0
New York,2016-03,3,8.99,0.0
New York,2016-04,7,8.99,0.0
New York,2016-05,3,9.99,0.0
New York,2016-06,5,8.99,0.0
New York,2016-07,12,8.99,0.0
New York,2016-08,5,8.99,0.0
New York,2016-09,6,9.995000000000001,0.0
New York,2016-10,15,8.99,0.0
New York,2016-11,1,13.0,0.0
New York,2016-12,9,9.99,0.0
New York,2017-01,5,9.99,0.0
New York,2017-02,5,9.99,0.0
New York,2017-03,5,9.99,0.0
New York,2017-04,3,9.99,0.0
New York,2017-05,7,9.99,0.0
New York,2017-06,3,9.99,0.0
New York,2017-07,7,9.99,0.0
New York,2017-08,2,9.99,0.0
New York,2017-09,2,14.065000000000001,0.0
New York,2017-10,5,9.99,0.0
New York,2017-11,7,10.99,0.0
New York,2017-12,10,10.99,0.0
New York,2018-01,6,10.99,0.0
New York,2018-03,3,15.99,0.0
New York,2018-04,8,10.99,0.0
New York,2018-05,8,10.995000000000001,0.0
New York,2018-06,2,10.995000000000001,0.0
New York,2018-07,1,16.99,0.0
New York,2018-08,9,10.99,0.0
New York,2018-09,2,10.49,0.0
New York,2018-10,19,9.99,0.0
New York,2018-11,6,10.99,0.0
New York,2018-12,5,19.99,0.0
New York,2019-01,5,9.99,0.0
New York,2019-02,5,9.99,0.0
New York,2019-03,2,10.99,0.0
New York,2019-04,7,29.99,0.0
New York,2019-05,7,29.99,0.0
New York,2019-06,2,9.99,0.0
New York,2019-07,2,10.99,0.0
New York,2019-08,14,10.99,0.0
Ohio,2014-07,108,5.0,0.0
Ohio,2014-08,80,5.0,0.0
Ohio,2014-09,46,5.0,0.0
Ohio,2014-10,102,5.0,0.0
Ohio,2014-11,100,5.0,0.0
Ohio,2014-12,141,5.0,0.0
Ohio,2015-01,114,5.0,0.0
Ohio,2015-02,94,5.0,0.0
Ohio,2015-03,132,5.0,1.0
Ohio,2015-04,188,5.0,0.0
Ohio,2015-05,143,5.0,0.0
Ohio,2015-06,250,5.0,0.0
Ohio,2015-07,246,5.0,0.0
Ohio,2015-08,220,5.0,0.0
Ohio,2015-09,176,5.0,0.0
Ohio,2015-10,140,5.0,0.0
Ohio,2015-11,141,5.0,0.0
Ohio,2015-12,161,5.0,0.0
Ohio,2016-01,249,5.0,0.0
Ohio,2016-02,118,5.0,0.0
Ohio,2016-03,175,5.0,0.0
Ohio,2016-04,317,5.0,0.0
Ohio,2016-05,244,5.0,0.0
Ohio,2016-06,187,5.0,0.0
Ohio,2016-07,348,5.0,0.0
Ohio,2016-08,237,5.0,0.0
Ohio,2016-09,178,5.0,0.0
Ohio,2016-10,218,5.0,0.0
Ohio,2016-11,163,5.0,0.0
Ohio,2016-12,196,5.0,0.0
Ohio,2017-01,201,5.0,0.0
Ohio,2017-02,336,5.0,0.0
Ohio,2017-03,379,5.0,0.0
Ohio,2017-04,216,5.0,0.0
Ohio,2017-05,307,5.0,0.0
Ohio,2017-06,271,5.0,0.0
Ohio,2017-07,305,5.0,0.0
Ohio,2017-08,333,5.0,0.0
Ohio,2017-09,302,6.95,0.0
Ohio,2017-10,208,6.95,0.0
Ohio,2017-11,281,6.95,0.0
Ohio,2017-12,365,6.95,0.0
Ohio,2018-01,181,6.95,1.0
Ohio,2018-02,186,7.99,1.0
Ohio,2018-03,250,7.99,0.0
Ohio,2018-04,279,6.95,0.0
Ohio,2018-05,266,6.95,0.0
Ohio,2018-06,326,6.95,0.0
Ohio,2018-07,355,6.95,0.0
Ohio,2018-08,467,6.95,0.0
Ohio,2018-09,240,7.99,0.0
Ohio,2018-10,628,5.0,0.0
Ohio,2018-11,321,6.95,0.0
Ohio,2018-12,278,6.99,0.0
Ohio,2019-01,442,6.99,0.0
Ohio,2019-02,247,6.95,0.0
Ohio,2019-03,218,6.95,0.0
Ohio,2019-04,296,6.95,0.0
Ohio,2019-05,340,6.95,3.0
Ohio,2019-06,404,6.95,0.0
Ohio,2019-07,432,6.95,0.0
Ohio,2019-08,382,6.99,0.0
Ohio,2019-09,63,7.99,0.0
Oregon,2014-07,12,5.0,0.0
Oregon,2014-08,4,6.0,0.0
Oregon,2014-09,2,7.425,0.0
Oregon,2014-10,3,13.5,0.0
Oregon,2014-11,7,7.0,0.0
Oregon,2014-12,19,5.0,2.0
Oregon,2015-01,16,5.0,3.0
Oregon,2015-02,11,5.0,1.0
Oregon,2015-03,6,5.0,1.0
Oregon,2015-04,6,5.0,0.0
Oregon,2015-05,8,10.485,0.0
Oregon,2015-06,7,5.0,0.0
Oregon,2015-07,7,5.0,0.0
Oregon,2015-08,2,7.5,0.0
Oregon,2015-09,15,7.5,0.0
Oregon,2015-10,7,5.0,0.0
Oregon,2015-11,8,6.25,0.0
Oregon,2015-12,1,5.0,0.0
Oregon,2016-01,1,5.0,0.0
Oregon,2016-02,2,5.0,0.0
Oregon,2016-03,2,5.0,0.0
Oregon,2016-04,7,5.0,0.0
Oregon,2016-05,3,5.0,0.0
Oregon,2016-06,3,7.49,0.0
Oregon,2016-07,1,7.25,0.0
Oregon,2017-01,2,6.545,0.0
Oregon,2017-06,1,53.55,0.0
Oregon,2017-07,1,13.0,0.0
Oregon,2017-09,1,7.49,0.0
Oregon,2017-10,2,10.004999999999999,0.0
Oregon,2017-11,1,96.0,0.0
Oregon,2018-03,1,5.0,0.0
Oregon,2018-06,2,6.94,0.0
Oregon,2018-07,2,10.49,0.0
Oregon,2018-08,2,11.99,0.0
Oregon,2018-10,2,17.935,0.0
Oregon,2018-11,5,6.0,0.0
Oregon,2018-12,4,11.995000000000001,0.0
Oregon,2019-01,11,25.0,0.0
Oregon,2019-02,4,17.5,0.0
Oregon,2019-03,3,10.0,0.0
Oregon,2019-04,2,55.495,1.0
Oregon,2019-05,3,10.0,1.0
Oregon,2019-06,2,10.0,0.0
Oregon,2019-07,3,10.0,0.0
Oregon,2019-08,1,19.99,0.0
Pennsylvania,2014-07,644,3.99,8.0
Pennsylvania,2014-08,1015,3.49,1.0
Pennsylvania,2014-09,469,3.49,1.0
Pennsylvania,2014-10,761,3.49,2.0
Pennsylvania,2014-11,671,3.49,0.0
Pennsylvania,2014-12,869,3.49,0.0
Pennsylvania,2015-01,618,3.99,1.0
Pennsylvania,2015-02,1007,3.49,1.0
Pennsylvania,2015-03,2906,3.49,2.0
Pennsylvania,2015-04,3076,3.49,2.0
Pennsylvania,2015-05,3144,3.49,2.0
Pennsylvania,2015-06,2308,3.49,0.0
Pennsylvania,2015-07,2773,3.99,2.0
Pennsylvania,2015-08,1778,3.99,3.0
Pennsylvania,2015-09,3198,3.99,1.0
Pennsylvania,2015-10,5426,3.49,0.0
Pennsylvania,2015-11,6380,3.99,0.0
Pennsylvania,2015-12,8270,3.99,2.0
Pennsylvania,2016-01,7429,3.99,2.0
Pennsylvania,2016-02,3628,3.99,2.0
Pennsylvania,2016-03,3646,3.99,1.0
Pennsylvania,2016-04,6319,3.99,1.0
Pennsylvania,2016-05,2112,3.99,3.0
Pennsylvania,2016-06,3015,3.99,0.0
Pennsylvania,2016-07,3671,5.49,2.0
Pennsylvania,2016-08,3210,5.49,2.0
Pennsylvania,2016-09,3862,5.49,2.0
Pennsylvania,2016-10,4238,5.49,1.0
Pennsylvania,2016-11,6842,5.49,2.0
Pennsylvania,2016-12,7745,5.49,2.0
Pennsylvania,2017-01,10593,5.49,4.0
Pennsylvania,2017-02,9324,7.49,1.0
Pennsylvania,2017-03,9705,7.49,2.0
Pennsylvania,2017-04,10442,7.49,0.0
Pennsylvania,2017-05,8661,7.49,1.0
Pennsylvania,2017-06,11597,7.49,4.0
Pennsylvania,2017-07,11452,7.49,1.0
Pennsylvania,2017-08,16563,7.49,3.0
Pennsylvania,2017-09,22875,7.49,4.0
Pennsylvania,2017-10,24445,7.49,4.0
Pennsylvania,2017-11,36563,7.49,1.0
Pennsylvania,2017-12,76557,7.99,1.0
Pennsylvania,2018-01,85757,7.99,1.0
Pennsylvania,2018-02,74226,7.49,1.0
Pennsylvania,2018-03,71784,9.49,2.0
Pennsylvania,2018-04,70467,9.49,1.0
Pennsylvania,2018-05,66633,9.49,1.0
Pennsylvania,2018-06,72715,9.49,4.0
Pennsylvania,2018-07,56801,9.49,3.0
Pennsylvania,2018-08,63171,9.49,2.0
Pennsylvania,2018-09,62650,9.49,2.0
Pennsylvania,2018-10,83341,9.49,2.0
Pennsylvania,2018-11,45200,9.49,2.0
Pennsylvania,2018-12,51649,9.49,2.0
Pennsylvania,2019-01,57134,7.49,3.0
Pennsylvania,2019-02,29742,9.49,2.0
Pennsylvania,2019-03,56097,9.49,0.0
Pennsylvania,2019-04,67541,9.49,1.0
Pennsylvania,2019-05,83441,9.49,1.0
Pennsylvania,2019-06,81834,9.49,1.0
Pennsylvania,2019-07,97664,9.49,0.0
Pennsylvania,2019-08,102731,9.49,3.0
Pennsylvania,2019-09,660,9.49,0.0
Pennsylvania,2019-10,1,19.0,0.0
South Carolina,2015-01,2,20.495,0.0
South Carolina,2015-03,1,19.99,0.0
South Carolina,2015-11,2,13.995000000000001,0.0
South Carolina,2015-12,2,31.425000000000004,0.0
South Carolina,2016-01,1,8.99,0.0
South Carolina,2016-02,6,24.869999999999997,0.0
South Carolina,2016-03,2,23.495,0.0
South Carolina,2016-04,3,7.99,0.0
South Carolina,2016-05,2,14.989999999999998,0.0
South Carolina,2016-06,5,19.0,0.0
South Carolina,2016-07,4,15.989999999999998,0.0
South Carolina,2016-08,12,15.989999999999998,0.0
South Carolina,2016-09,5,14.99,0.0
South Carolina,2016-11,1,6.99,0.0
South Carolina,2016-12,10,11.49,0.0
South Carolina,2017-01,7,14.99,0.0
South Carolina,2017-02,14,15.934999999999999,0.0
South Carolina,2017-03,13,16.99,0.0
South Carolina,2017-04,7,19.99,0.0
South Carolina,2017-05,7,15.99,0.0
South Carolina,2017-06,9,14.99,0.0
South Carolina,2017-07,8,17.49,0.0
South Carolina,2017-08,3,14.99,0.0
South Carolina,2017-09,12,8.49,0.0
South Carolina,2017-10,19,9.99,0.0
South Carolina,2017-11,10,7.99,0.0
South Carolina,2017-12,58,7.99,0.0
South Carolina,2018-01,43,7.99,0.0
South Carolina,2018-02,81,7.99,0.0
South Carolina,2018-03,96,7.99,1.0
South Carolina,2018-04,100,7.99,0.0
South Carolina,2018-05,86,7.99,0.0
South Carolina,2018-06,186,7.99,0.0
South Carolina,2018-07,157,7.99,0.0
South Carolina,2018-08,159,7.99,2.0
South Carolina,2018-09,108,7.99,0.0
South Carolina,2018-10,107,7.99,2.0
South Carolina,2018-11,132,7.99,0.0
South Carolina,2018-12,75,7.99,0.0
South Carolina,2019-01,77,7.99,0.0
South Carolina,2019-02,101,7.99,2.0
South Carolina,2019-03,116,7.99,0.0
South Carolina,2019-04,258,7.99,2.0
South Carolina,2019-05,248,7.99,0.0
South Carolina,2019-06,110,7.99,0.0
South Carolina,2019-07,167,7.99,0.0
South Carolina,2019-08,105,7.99,0.0
South Carolina,2019-09,6,7.99,0.0
Tennessee,2014-07,30,7.495,0.0
Tennessee,2014-08,36,6.595000000000001,0.0
Tennessee,2014-09,17,3.0,0.0
Tennessee,2014-10,67,5.01,0.0
Tennessee,2014-11,97,4.0,0.0
Tennessee,2014-12,59,4.01,0.0
Tennessee,2015-01,37,6.0,0.0
Tennessee,2015-02,72,5.005,1.0
Tennessee,2015-03,100,4.0,0.0
Tennessee,2015-04,91,5.0,0.0
Tennessee,2015-05,110,3.0,0.0
Tennessee,2015-06,101,4.0,1.0
Tennessee,2015-07,95,5.0,0.0
Tennessee,2015-08,96,3.0,0.0
Tennessee,2015-09,85,5.95,0.0
Tennessee,2015-10,137,5.95,0.0
Tennessee,2015-11,102,4.005,0.0
Tennessee,2015-12,89,5.95,0.0
Tennessee,2016-01,84,4.95,0.0
Tennessee,2016-02,59,7.01,0.0
Tennessee,2016-03,63,7.95,0.0
Tennessee,2016-04,65,4.0,0.0
Tennessee,2016-05,33,6.01,0.0
Tennessee,2016-06,51,5.95,0.0
Tennessee,2016-07,128,5.95,0.0
Tennessee,2016-08,101,5.99,0.0
Tennessee,2016-09,84,3.995,0.0
Tennessee,2016-10,119,3.94,0.0
Tennessee,2016-11,47,4.95,1.0
Tennessee,2016-12,73,3.94,0.0
Tennessee,2017-01,82,4.97,0.0
Tennessee,2017-02,73,4.97,0.0
Tennessee,2017-03,73,4.97,0.0
Tennessee,2017-04,103,4.97,0.0
Tennessee,2017-05,55,4.97,0.0
Tennessee,2017-06,101,4.97,0.0
Tennessee,2017-07,65,4.97,0.0
Tennessee,2017-08,75,4.97,0.0
Tennessee,2017-09,25,6.97,0.0
Tennessee,2017-10,30,4.97,0.0
Tennessee,2017-11,64,4.97,0.0
Tennessee,2017-12,100,4.97,0.0
Tennessee,2018-01,76,4.97,0.0
Tennessee,2018-02,57,4.97,0.0
Tennessee,2018-03,64,4.97,0.0
Tennessee,2018-04,44,4.97,0.0
Tennessee,2018-05,22,4.97,0.0
Tennessee,2018-06,51,4.97,0.0
Tennessee,2018-07,18,4.97,0.0
Tennessee,2018-08,8,9.975,0.0
Tennessee,2018-09,10,6.91,0.0
Tennessee,2018-10,28,6.95,0.0
Tennessee,2018-11,22,5.99,0.0
Tennessee,2018-12,15,9.99,0.0
Tennessee,2019-01,9,5.99,0.0
Tennessee,2019-02,5,5.99,0.0
Tennessee,2019-03,4,8.495000000000001,0.0
Tennessee,2019-04,18,6.95,0.0
Tennessee,2019-05,25,9.95,0.0
Tennessee,2019-06,33,7.95,0.0
Tennessee,2019-07,27,9.99,0.0
Tennessee,2019-08,38,7.99,0.0
Tennessee,2019-09,3,12.99,0.0
Texas,2014-07,31,9.99,0.0
Texas,2014-08,53,9.99,0.0
Texas,2014-09,18,9.775,0.0
Texas,2014-10,30,9.99,1.0
Texas,2014-11,46,9.99,1.0
Texas,2014-12,61,9.99,2.0
Texas,2015-01,57,9.99,0.0
Texas,2015-02,76,9.99,6.0
Texas,2015-03,58,9.99,2.0
Texas,2015-04,91,9.99,1.0
Texas,2015-05,167,5.99,6.0
Texas,2015-06,192,9.99,2.0
Texas,2015-07,276,9.49,3.0
Texas,2015-08,181,8.0,0.0
Texas,2015-09,118,7.99,3.0
Texas,2015-10,139,9.99,1.0
Texas,2015-11,133,9.99,2.0
Texas,2015-12,207,7.99,3.0
Texas,2016-01,350,7.99,1.0
Texas,2016-02,377,7.99,0.0
Texas,2016-03,326,7.99,3.0
Texas,2016-04,535,9.99,0.0
Texas,2016-05,420,9.99,2.0
Texas,2016-06,422,9.99,1.0
Texas,2016-07,849,7.99,0.0
Texas,2016-08,403,7.99,1.0
Texas,2016-09,213,9.0,0.0
Texas,2016-10,235,9.99,1.0
Texas,2016-11,259,9.99,1.0
Texas,2016-12,256,9.0,5.0
Texas,2017-01,174,7.99,2.0
Texas,2017-02,262,8.99,3.0
Texas,2017-03,315,8.74,4.0
Texas,2017-04,352,9.99,4.0
Texas,2017-05,463,7.99,2.0
Texas,2017-06,396,7.0,1.0
Texas,2017-07,517,7.99,1.0
Texas,2017-08,346,7.99,1.0
Texas,2017-09,325,7.99,7.0
Texas,2017-10,276,9.99,2.0
Texas,2017-11,387,9.99,2.0
Texas,2017-12,441,9.99,1.0
Texas,2018-01,454,9.99,1.0
Texas,2018-02,317,9.99,0.0
Texas,2018-03,397,9.99,1.0
Texas,2018-04,293,9.0,4.0
Texas,2018-05,259,9.99,6.0
Texas,2018-06,310,9.0,0.0
Texas,2018-07,385,9.99,3.0
Texas,2018-08,350,9.99,2.0
Texas,2018-09,372,9.99,2.0
Texas,2018-10,1088,9.99,5.0
Texas,2018-11,1256,9.99,5.0
Texas,2018-12,1334,7.99,2.0
Texas,2019-01,851,7.99,2.0
Texas,2019-02,647,7.99,2.0
Texas,2019-03,481,9.99,1.0
Texas,2019-04,578,9.99,5.0
Texas,2019-05,567,9.0,3.0
Texas,2019-06,817,7.99,6.0
Texas,2019-07,651,9.0,2.0
Texas,2019-08,807,9.0,3.0
Texas,2019-09,78,8.99,0.0
Virginia,2016-10,1,9.99,0.0
Virginia,2016-11,5,9.99,0.0
Virginia,2016-12,14,8.49,0.0
Virginia,2017-01,25,9.99,0.0
Virginia,2017-02,77,6.99,0.0
Virginia,2017-03,36,9.99,0.0
Virginia,2017-04,25,9.99,0.0
Virginia,2017-05,18,9.99,0.0
Virginia,2017-06,34,8.99,0.0
Virginia,2017-07,15,9.99,0.0
Virginia,2017-08,4,9.99,0.0
Virginia,2017-09,4,9.99,0.0
Virginia,2017-10,17,9.99,0.0
Virginia,2017-11,49,9.99,0.0
Virginia,2017-12,28,6.99,0.0
Virginia,2018-01,30,6.99,0.0
Virginia,2018-02,69,9.99,0.0
Virginia,2018-03,138,6.99,0.0
Virginia,2018-04,38,6.99,0.0
Virginia,2018-05,28,6.99,0.0
Virginia,2018-06,16,4.77,0.0
Virginia,2018-07,3,9.99,0.0
Virginia,2018-08,7,9.99,0.0
Virginia,2018-09,35,9.99,0.0
Virginia,2018-10,59,9.99,0.0
Virginia,2018-11,27,3.99,0.0
Virginia,2018-12,2,18.995,1.0
Virginia,2019-01,13,9.99,1.0
Virginia,2019-02,7,9.99,1.0
Virginia,2019-03,8,9.99,1.0
Virginia,2019-04,9,9.99,1.0
Virginia,2019-05,1,41.0,1.0
Virginia,2019-06,8,10.49,0.0
Virginia,2019-07,11,6.99,0.0
Virginia,2019-08,10,6.99,0.0
Virginia,2019-09,3,9.99,0.0
Washington,2014-07,139,5.95,1.0
Washington,2014-08,92,8.47,1.0
Washington,2014-09,66,7.99,0.0
Washington,2014-10,133,7.99,4.0
Washington,2014-11,131,7.99,1.0
Washington,2014-12,123,9.0,0.0
Washington,2015-01,131,9.85,1.0
Washington,2015-02,122,9.99,0.0
Washington,2015-03,147,7.99,0.0
Washington,2015-04,176,7.99,1.0
Washington,2015-05,167,7.99,0.0
Washington,2015-06,272,16.445,0.0
Washington,2015-07,434,10.0,0.0
Washington,2015-08,309,10.0,0.0
Washington,2015-09,256,7.99,0.0
Washington,2015-10,169,7.99,0.0
Washington,2015-11,197,7.99,0.0
Washington,2015-12,235,7.99,1.0
Washington,2016-01,388,7.99,0.0
Washington,2016-02,244,7.99,0.0
Washington,2016-03,203,7.99,2.0
Washington,2016-04,230,7.99,0.0
Washington,2016-05,257,7.99,0.0
Washington,2016-06,267,7.99,0.0
Washington,2016-07,273,7.99,0.0
Washington,2016-08,300,7.99,0.0
Washington,2016-09,345,7.99,2.0
Washington,2016-10,392,7.99,3.0
Washington,2016-11,373,7.99,3.0
Washington,2016-12,318,7.99,1.0
Washington,2017-01,362,5.95,1.0
Washington,2017-02,343,7.99,0.0
Washington,2017-03,497,7.99,0.0
Washington,2017-04,436,7.99,0.0
Washington,2017-05,378,7.5,1.0
Washington,2017-06,437,6.5,1.0
Washington,2017-07,481,7.99,0.0
Washington,2017-08,635,7.99,0.0
Washington,2017-09,565,7.99,2.0
Washington,2017-10,568,7.99,0.0
Washington,2017-11,580,7.99,0.0
Washington,2017-12,640,7.99,0.0
Washington,2018-01,647,7.99,1.0
Washington,2018-02,473,7.99,0.0
Washington,2018-03,737,7.99,0.0
Washington,2018-04,527,7.99,1.0
Washington,2018-05,717,7.99,0.0
Washington,2018-06,841,7.99,0.0
Washington,2018-07,718,7.99,0.0
Washington,2018-08,1062,7.5,0.0
Washington,2018-09,752,7.5,0.0
Washington,2018-10,1075,7.5,1.0
Washington,2018-11,792,7.5,1.0
Washington,2018-12,736,7.5,0.0
Washington,2019-01,640,7.5,1.0
Washington,2019-02,772,7.5,0.0
Washington,2019-03,812,7.5,2.0
Washington,2019-04,711,8.99,0.0
Washington,2019-05,1234,8.99,0.0
Washington,2019-06,1146,8.99,8.0
Washington,2019-07,1313,7.5,1.0
Washington,2019-08,1505,14.95,1.0
Washington,2019-09,381,14.99,2.0
Washington,2019-10,1,14.92,0.0
West Virginia,2014-07,33,5.99,0.0
West Virginia,2014-08,11,7.99,0.0
West Virginia,2014-09,11,7.99,0.0
West Virginia,2014-10,18,7.99,0.0
West Virginia,2014-11,20,6.325,0.0
West Virginia,2014-12,26,7.99,0.0
West Virginia,2015-01,29,7.99,0.0
West Virginia,2015-02,31,7.99,0.0
West Virginia,2015-03,26,9.99,0.0
West Virginia,2015-04,25,9.99,0.0
West Virginia,2015-05,14,9.99,0.0
West Virginia,2015-06,26,7.99,0.0
West Virginia,2015-07,5,7.99,0.0
West Virginia,2015-08,13,7.99,1.0
West Virginia,2015-09,11,7.99,0.0
West Virginia,2015-10,6,7.99,0.0
West Virginia,2015-11,20,7.99,0.0
West Virginia,2015-12,15,7.99,0.0
West Virginia,2016-01,80,5.99,0.0
West Virginia,2016-02,23,4.99,0.0
West Virginia,2016-03,19,9.99,0.0
West Virginia,2016-04,57,9.99,0.0
West Virginia,2016-05,68,9.99,0.0
West Virginia,2016-06,102,9.99,0.0
West Virginia,2016-07,168,7.99,0.0
West Virginia,2016-08,48,7.99,0.0
West Virginia,2016-09,19,7.99,0.0
West Virginia,2016-10,34,7.99,0.0
West Virginia,2016-11,37,9.99,0.0
West Virginia,2016-12,39,7.99,0.0
West Virginia,2017-01,32,9.99,0.0
West Virginia,2017-02,60,9.99,0.0
West Virginia,2017-03,73,9.99,0.0
West Virginia,2017-04,127,9.99,0.0
West Virginia,2017-05,181,8.99,0.0
West Virginia,2017-06,121,5.99,0.0
West Virginia,2017-07,148,5.99,0.0
West Virginia,2017-08,158,5.99,1.0
West Virginia,2017-09,270,5.99,0.0
West Virginia,2017-10,432,9.99,0.0
West Virginia,2017-11,291,9.99,0.0
West Virginia,2017-12,249,9.99,0.0
West Virginia,2018-01,275,9.99,0.0
West Virginia,2018-02,362,9.99,0.0
West Virginia,2018-03,155,9.99,0.0
West Virginia,2018-04,158,9.99,0.0
West Virginia,2018-05,102,9.99,0.0
West Virginia,2018-06,83,9.99,0.0
West Virginia,2018-07,166,9.99,0.0
West Virginia,2018-08,256,9.99,0.0
West Virginia,2018-09,141,9.99,0.0
West Virginia,2018-10,209,9.99,0.0
West Virginia,2018-11,129,9.99,0.0
West Virginia,2018-12,100,9.99,0.0
West Virginia,2019-01,74,9.99,0.0
West Virginia,2019-02,47,9.99,0.0
West Virginia,2019-03,38,9.99,0.0
West Virginia,2019-04,19,9.99,0.0
West Virginia,2019-05,10,9.99,0.0
West Virginia,2019-06,31,9.99,0.0
West Virginia,2019-07,22,9.99,0.0
West Virginia,2019-08,38,9.99,0.0
West Virginia,2019-09,3,9.99,0.0
Wisconsin,2014-07,83,5.99,0.0
Wisconsin,2014-08,47,6.99,0.0
Wisconsin,2014-09,23,5.99,0.0
Wisconsin,2014-10,31,5.99,0.0
Wisconsin,2014-11,38,5.99,0.0
Wisconsin,2014-12,49,6.99,0.0
Wisconsin,2015-01,47,6.99,0.0
Wisconsin,2015-02,29,6.99,0.0
Wisconsin,2015-03,48,8.495000000000001,0.0
Wisconsin,2015-04,91,6.99,0.0
Wisconsin,2015-05,96,6.99,1.0
Wisconsin,2015-06,133,5.99,1.0
Wisconsin,2015-07,106,6.99,0.0
Wisconsin,2015-08,77,6.99,0.0
Wisconsin,2015-09,103,5.99,0.0
Wisconsin,2015-10,68,6.995,0.0
Wisconsin,2015-11,49,9.0,0.0
Wisconsin,2015-12,78,9.125,0.0
Wisconsin,2016-01,110,6.99,0.0
Wisconsin,2016-02,76,9.645,1.0
Wisconsin,2016-03,160,6.99,0.0
Wisconsin,2016-04,143,6.99,0.0
Wisconsin,2016-05,130,7.995,0.0
Wisconsin,2016-06,114,7.99,0.0
Wisconsin,2016-07,143,6.99,0.0
Wisconsin,2016-08,132,7.99,0.0
Wisconsin,2016-09,77,9.99,0.0
Wisconsin,2016-10,67,7.99,0.0
Wisconsin,2016-11,48,10.495000000000001,0.0
Wisconsin,2016-12,50,9.99,0.0
Wisconsin,2017-01,61,9.99,0.0
Wisconsin,2017-02,136,9.99,0.0
Wisconsin,2017-03,164,6.99,0.0
Wisconsin,2017-04,173,6.99,0.0
Wisconsin,2017-05,125,6.99,0.0
Wisconsin,2017-06,100,7.49,1.0
Wisconsin,2017-07,138,6.99,0.0
Wisconsin,2017-08,93,7.99,0.0
Wisconsin,2017-09,69,6.99,1.0
Wisconsin,2017-10,124,9.99,0.0
Wisconsin,2017-11,99,6.99,0.0
Wisconsin,2017-12,117,9.99,0.0
Wisconsin,2018-01,190,9.99,0.0
Wisconsin,2018-02,143,9.99,0.0
Wisconsin,2018-03,176,9.99,1.0
Wisconsin,2018-04,113,9.99,0.0
Wisconsin,2018-05,77,9.99,0.0
Wisconsin,2018-06,49,9.99,0.0
Wisconsin,2018-07,33,11.99,0.0
Wisconsin,2018-08,35,9.99,1.0
Wisconsin,2018-09,26,10.49,0.0
Wisconsin,2018-10,32,13.0,0.0
Wisconsin,2018-11,25,9.99,0.0
Wisconsin,2018-12,33,9.99,0.0
Wisconsin,2019-01,59,10.99,1.0
Wisconsin,2019-02,64,14.99,3.0
Wisconsin,2019-03,132,14.99,0.0
Wisconsin,2019-04,63,9.99,0.0
Wisconsin,2019-05,38,10.99,0.0
Wisconsin,2019-06,20,11.99,1.0
Wisconsin,2019-07,20,9.99,0.0
Wisconsin,2019-08,27,19.0,0.0
Wisconsin,2019-09,5,19.99,0.0
